{"_runtime":9.190226026,"_step":3,"episode_reward":-1028.9853811002383,"episode_length":200,"_timestamp":1.7608368738350139e+09,"_wandb":{"runtime":9}}