{"episode_reward":-731.6294271822338,"episode_length":200,"_timestamp":1.7608372499901462e+09,"_wandb":{"runtime":112},"_runtime":112.81536425,"_step":52}