{"episode_reward":-259.68316329153436,"episode_length":200,"_timestamp":1.7608378929259934e+09,"eval_epi_reward_mean":-158.34927668308285,"eval_epi_length_mean":200,"_wandb":{"runtime":541},"_runtime":541.370621929,"_step":249}