{"_step":8,"_wandb":{"runtime":22},"_runtime":22.096810151,"episode_reward":-1771.2220357821616,"episode_length":200,"_timestamp":1.7608373096734493e+09}